Letter,Disease_Name,Treatment_Type,Step_by_Step_Protocol,Medications,Non_Drug_Therapies,Advanced_Interventions,Monitoring,Source
A,Adrenoleukodystrophy (ALD),Multimodal,"1. Early diagnosis via VLCFA blood test. 2. Lorenzo's oil + low-fat diet (childhood cerebral form). 3. HSCT if MRI shows early lesions (Loes score <9). 4. Gene therapy (Skysona) if eligible.",Lorenzo's oil, Hydrocortisone (adrenal),,"Hematopoietic Stem Cell Transplant (HSCT), Eli-cel gene therapy (Skysona®)","Yearly MRI, adrenal function tests",https://www.ninds.nih.gov
A,Adult-Onset Leukoencephalopathy (ALSP),Supportive,"1. Symptom management. 2. Genetic counseling. 3. Clinical trials for CSF1R inhibitors.","Anti-seizure meds (levetiracetam), Antidepressants",Physical therapy, Occupational therapy,"Experimental HSCT",Cognitive testing every 6 months,https://rarediseases.org
A,ALS and Neuromuscular Diseases,Neuroprotective + Supportive,"1. Start Riluzole + Edaravone. 2. Multidisciplinary clinic. 3. Early NIV if FVC <50%. 4. PEG tube if weight loss >10%.",Riluzole 50mg BID, Edaravone IV, AMX0035 (Relyvrio),Speech therapy, PT/OT, Respiratory therapy,"Radicava ORS, Tofersen (SOD1-ALS), NIV, Tracheostomy","FVC every 3 months, ALSFRS-R",https://www.alsa.org
A,Alzheimer’s Disease,Disease-Modifying + Symptomatic,"1. Cholinesterase inhibitor (donepezil 5→10mg). 2. Add memantine if moderate. 3. Lecanemab if early AD + amyloid PET+. 4. Lifestyle: MIND diet, exercise.",Donepezil, Rivastigmine patch, Memantine, Lecanemab (Leqembi®), Donanemab (Kisunla®),Cognitive stimulation, Exercise 150min/week,"Anti-amyloid mAbs, Aducanumab (limited)",MMSE/MoCA yearly, MRI for ARIA,https://www.alz.org
A,Amyotrophic Lateral Sclerosis (ALS),Neuroprotective,"1. Riluzole 100mg/day. 2. Edaravone IV or oral. 3. Relyvrio if available. 4. Treat spasticity with baclofen.",Riluzole, Edaravone, Sodium phenylbutyrate/taurursodiol, Baclofen,Speech therapy, NIV,"Intrathecal baclofen pump, Gene therapy (SOD1)",ALSFRS-R, FVC, weight monthly,https://www.ninds.nih.gov
A,Angelman Syndrome,Symptomatic,"1. Control seizures. 2. Early intervention therapy. 3. Communication devices. 4. Sleep hygiene.",Valproate, Clonazepam, Levetiracetam,PT, OT, Speech (AAC devices),,EEG, developmental assessments,https://www.angelman.org
A,Aphasia,Rehabilitation,"1. Intensive speech therapy (3–5x/week). 2. Constraint-induced therapy. 3. Use apps (Tactus, Constant). 4. tDCS if available.",,Speech-language therapy (SLT), MELDIC, CIAT, tDCS,"Group therapy, Computer apps",WAB-R every 3 months,https://www.aphasia.org
A,Ataxia,Symptomatic,"1. Treat underlying cause (e.g., vitamin E for AVED). 2. PT for balance. 3. Weighted walkers.",Vitamin E (AVED), Acetazolamide (EA2),,PT, OT, Assistive devices,,ICARS scale,https://www.ataxia.org
A,Autism,Behavioral + Supportive,"1. ABA therapy 20–40 hrs/week. 2. Speech + OT. 3. Risperidone if severe irritability.",Risperidone (0.5–3mg), Aripiprazole,ABA, PECS, Sensory integration, Social skills training,,ADOS-2, parent training,https://www.autismspeaks.org
A,Autoimmune Diseases,Immunomodulatory,"1. High-dose steroids. 2. IVIG or PLEX. 3. Long-term immunosuppressant.",Prednisone, IVIG, Rituximab, Azathioprine,,,EDSS or clinical relapse rate,https://www.ninds.nih.gov
B,Batten Disease,Enzyme Replacement,"1. Cerliponase alfa (Brineura) for CLN2 via intraventricular infusion every 2 weeks. 2. Seizure control.",Cerliponase alfa, Valproate, Levetiracetam,PT, OT, Vision support,"Gene therapy trials",Seizure diary, motor score,https://www.bdsra.org
B,Bell’s Palsy,Steroid + Antiviral,"1. Prednisone 60mg x 5 days → taper. 2. Valacyclovir if within 72 hrs. 3. Eye care.",Prednisone, Valacyclovir, Artificial tears, PT (facial exercises),,House-Brackmann scale,https://www.entnet.org
B,Brain and Nerve Tumors,Oncology,"1. Maximal safe resection. 2. RT (IMRT). 3. Temozolomide (glioma). 4. Bevacizumab (recurrent).",Temozolomide, Bevacizumab, Lomustine,Surgery, Radiation, Tumor treating fields (TTFields),,MRI every 3 months,https://www.cancer.gov
B,Brain Aneurysm,Endovascular/Surgical,"1. Coiling (preferred). 2. Clipping if wide neck. 3. Flow diversion (Pipeline).",Aspirin, Clopidogrel,Surgery (clipping), Endovascular coiling, Flow diverters,,CTA/MRA follow-up,https://www.bafound.org
C,CADASIL,Preventive,"1. BP <130/80. 2. Aspirin 81mg. 3. Avoid triptans. 4. Treat mood.",Aspirin, Statins, Antidepressants (SSRIs),,Lifestyle: no smoking, exercise,Brain MRI every 2 years,https://www.cadasil.org
C,Cerebral Palsy,Rehabilitation,"1. PT/OT daily. 2. Botox for spasticity. 3. Baclofen pump if GMFCS III+.",Botox, Baclofen (oral/ITB), Diazepam,PT, OT, Orthotics, SDR, HIP surveillance,GMFCS,https://www.cerebralpalsy.org
C,Cerebral Small Vessel Disease,Preventive,"1. BP <120/80. 2. Atorvastatin 40mg. 3. Aspirin. 4. Exercise.",Aspirin, Atorvastatin,,,Fazekas scale on MRI,https://www.ahajournals.org
C,Chiari Malformation,Surgical,"1. Posterior fossa decompression (PFD) if symptomatic. 2. Duraplasty. 3. Pain meds pre-op.",Acetaminophen, Gabapentin,Surgery (PFD),,Syrinx size on MRI,https://www.conquerchiari.org
C,Chronic Traumatic Encephalopathy (CTE),Supportive,"No disease-modifying treatment. 1. Treat depression. 2. Headache protocol. 3. Sleep hygiene.",SSRIs, Triptans, Melatonin,CBT, Exercise,,Neuropsych testing,https://www.bu.edu/cte
C,Concussion,Rest + Graduated Return,"1. 24–48 hrs rest. 2. Graduated return to school/sport. 3. Cervicovestibular therapy.",,Physical therapy, Vision therapy,,SCAT5, symptom checklist,https://www.cdc.gov/heads-up
C,Cushing’s Syndrome,Surgical + Medical,"1. Transsphenoidal surgery (pituitary). 2. Ketoconazole if persistent. 3. Radiation if needed.",Ketoconazole, Pasireotide, Metyrapone,Surgery, Radiation,,Cortisol levels,https://www.pituitary.org
D,Dementia,Symptomatic,"1. Donepezil or rivastigmine. 2. Memantine if MMSE <20. 3. Behavioral interventions.",Donepezil, Memantine, Quetiapine (PRN),Caregiver training, Music therapy,,MMSE, CDR,https://www.alz.org
D,Dysautonomia,Volume + Sympathomimetic,"1. Salt 6–10g/day. 2. Fludrocortisone 0.1mg. 3. Midodrine 5–10mg TID. 4. Compression.",Fludrocortisone, Midodrine, Ivabradine,Compression stockings, IV saline, POTS posture training,Tilt table, OHQ,https://www.dysautonomiainternational.org
D,Dyslexia,Educational,"1. Orton-Gillingham tutoring. 2. 504/IEP plan. 3. Audiobooks. 4. Extra time on tests.",,Multisensory reading, Phonics, Text-to-speech,,Reading fluency tests,https://www.understood.org
D,Dystonia,Injectable + Surgical,"1. Botox every 3 months. 2. DBS if generalized. 3. Trihexyphenidyl (children).",Botulinum toxin, Trihexyphenidyl, Clonazepam,PT, DBS (GPi),,TWSTRS score,https://dystonia-foundation.org
E,Encephalitis,Antiviral + Supportive,"1. Acyclovir IV 10mg/kg q8h x 14–21 days. 2. Steroids if autoimmune. 3. ICU if coma.",Acyclovir, Methylprednisolone, IVIG,Seizure control, Cooling,,CSF PCR, EEG,https://www.cdc.gov
E,Epilepsy,Anti-Seizure,"1. Start levetiracetam 500mg BID. 2. Titrate to efficacy. 3. VNS if refractory.",Levetiracetam, Lamotrigine, Valproate,Ketogenic diet, VNS, RNS, Laser ablation,Seizure diary, EEG,https://www.ilae.org
F,Fibromyalgia,Multimodal,"1. Pregabalin 150–300mg. 2. Duloxetine 60mg. 3. Exercise (aqua). 4. CBT.",Pregabalin, Duloxetine, Milnacipran,Graded exercise, CBT, Sleep hygiene,,FIQR score,https://www.rheumatology.org
F,Frontotemporal Disorders,Symptomatic,"1. SSRIs for behavior (citalopram). 2. Avoid antipsychotics. 3. Speech therapy.",Citalopram, Trazodone,,Speech therapy, Caregiver support,,FRS scale,https://www.theaftd.org
F,Functional Neurologic Disorder,Psychotherapy,"1. CBT with physiotherapy. 2. Rule out organic. 3. Graded exercise.",SSRIs (if comorbid),Specialized PT, CBT, Hypnosis,,FND rating scale,https://www.fndhope.org
G,Guillain-Barré Syndrome,Immunotherapy,"1. IVIG 0.4g/kg x 5 days OR 2. Plasmapheresis 5–7 sessions.",IVIG, Plasmapheresis, Steroids (not effective),PT, Ventilatory support,,Hughes scale,https://www.gbs-cidp.org
H,Headache,Acute + Preventive,"1. Triptan + NSAID. 2. CGRP mAb if >4 days/month. 3. Botox if chronic.",Sumatriptan, Rimegepant, Erenumab, Botox,Relaxation, Biofeedback,,MIDAS score,https://www.americanheadachesociety.org
H,Huntington’s Disease,Symptomatic,"1. Tetrabenazine 12.5→25mg TID. 2. Olanzapine for psychosis. 3. Genetic counseling.",Tetrabenazine, Deutetrabenazine, Olanzapine,PT, Speech therapy,,UHDRS score,https://www.hdsa.org
H,Hydrocephalus,Surgical,"1. VP shunt. 2. ETV if obstructive. 3. Shunt revision if failure.",Acetazolamide (temporary),Surgery (VP shunt, ETV),,Shunt series, MRI,https://www.hydroassoc.org
L,Lewy Body Dementia,Symptomatic,"1. Rivastigmine. 2. Levodopa (low dose). 3. Quetiapine PRN.",Rivastigmine, Levodopa, Quetiapine,,Caregiver education,,MoCA, UPDRS,https://www.lbda.org
M,Mal de Débarquement,Rehab + Med,"1. Vestibular rehab. 2. Clonazepam 0.5mg HS. 3. SSRIs.",Clonazepam, Venlafaxine, Vestibular PT, Optokinetic stimulation,,Dizziness handicap inventory,https://www.mddsfoundation.org
M,Meningitis,Antibiotic,"1. Ceftriaxone 2g IV q12h + Vancomycin. 2. Dexamethasone 10mg q6h x 4 days. 3. Acyclovir if viral suspected.",Ceftriaxone, Vancomycin, Acyclovir, Dexamethasone,,,LP, blood culture,https://www.idsociety.org
M,Migraine,Abortive + Preventive,"1. Ubrogepant or rimegepant. 2. Erenumab 70mg monthly. 3. Botox.",Ubrogepant, Erenumab, Galcanezumab, Botox, C